Top pages,Clicks,Impressions,CTR,Position
https://offmeta.app/,1,81,1.23%,36.09
https://offmeta.app/guides/etb-and-flicker-combos,1,7,14.29%,12.43
https://offmeta.app/guides/search-by-creature-type,1,1,100%,3
https://offmeta.app/guides/keyword-ability-search,0,48,0%,75.27
https://offmeta.app/docs/syntax,0,7,0%,9.71
https://offmeta.app/guides/ramp-and-card-draw,0,4,0%,8.5
https://offmeta.app/guides/tribal-synergies-for-commander,0,3,0%,8.67
https://offmeta.app/guides/filter-by-color,0,3,0%,9
https://offmeta.app/?q=%7Bsearch_term_string%7D,0,2,0%,4.5
https://offmeta.app/combos,0,2,0%,8.5
https://offmeta.app/docs,0,1,0%,5
https://offmeta.app/guides/multi-constraint-complex-search,0,1,0%,5
https://offmeta.app/guides/format-legality-search,0,1,0%,6