Top queries,Clicks,Impressions,CTR,Position
magic cards search engine,0,28,0%,51.25
magic search engine,0,22,0%,57.55
mtg creature keywords,0,6,0%,51
keyword magic,0,6,0%,62.83
list of mtg keywords,0,6,0%,88.67
mtg all keywords,0,6,0%,91.33
mtg list of keywords,0,5,0%,88.2
magic keywords,0,4,0%,57.5
mtg keywords list,0,4,0%,94.75
list of magic keywords,0,3,0%,75.67
all mtg keywords,0,3,0%,88.67
magic the gathering keywords,0,2,0%,61.5
all magic keywords,0,2,0%,86
offmeta,0,1,0%,1
"site:lovable.app ""boros""",0,1,0%,1
combo finder,0,1,0%,9
mtg flicker effects,0,1,0%,34
magic the gathering card search engine,0,1,0%,70